{
    "ibu_hamil_pct":{
        "Bajeng Barat, Kabupaten Gowa":0.0,
        "Bajeng, Kabupaten Gowa":0.0819672131,
        "Biringbulu, Kabupaten Gowa":0.0,
        "Biringkanaya, Kota Makassar":0.1260579867,
        "Bontoala, Kota Makassar":0.0176429076,
        "Bontomarannu, Kabupaten Gowa":0.0,
        "Bontonompo Selatan, Kabupaten Gowa":0.429767021,
        "Bontonompo, Kabupaten Gowa":0.0697934115,
        "Makassar, Kota Makassar":0.0107422924,
        "Mamajang, Kota Makassar":0.0136873802,
        "Manggala, Kota Makassar":0.1260080645,
        "Manuju, Kabupaten Gowa":0.0,
        "Mariso, Kota Makassar":0.0,
        "Pallangga, Kabupaten Gowa":0.2984540082,
        "Panakkukang, Kota Makassar":0.1657153379,
        "Parangloe, Kabupaten Gowa":0.0,
        "Parigi, Kabupaten Gowa":0.260756193,
        "Rappocini, Kota Makassar":0.0,
        "Somba Opu, Kabupaten Gowa":0.0933457794,
        "Tallo, Kota Makassar":0.4486212631,
        "Tamalanrea, Kota Makassar":0.0,
        "Tamalate, Kota Makassar":0.262195122,
        "Ujung Pandang, Kota Makassar":0.0,
        "Ujung Tanah, Kota Makassar":0.0,
        "Wajo, Kota Makassar":0.4047217538
    },
    "lansia_pct":{
        "Bajeng Barat, Kabupaten Gowa":11.4390467461,
        "Bajeng, Kabupaten Gowa":9.6106557377,
        "Biringbulu, Kabupaten Gowa":6.25,
        "Biringkanaya, Kota Makassar":6.5189987394,
        "Bontoala, Kota Makassar":9.1743119266,
        "Bontomarannu, Kabupaten Gowa":8.4293948127,
        "Bontonompo Selatan, Kabupaten Gowa":10.9929880118,
        "Bontonompo, Kabupaten Gowa":13.428252373,
        "Makassar, Kota Makassar":6.971747771,
        "Mamajang, Kota Makassar":12.0312072269,
        "Manggala, Kota Makassar":7.6024865591,
        "Manuju, Kabupaten Gowa":9.8591549296,
        "Mariso, Kota Makassar":3.3478893741,
        "Pallangga, Kabupaten Gowa":9.1685071331,
        "Panakkukang, Kota Makassar":7.7149696189,
        "Parangloe, Kabupaten Gowa":6.8376068376,
        "Parigi, Kabupaten Gowa":17.4706649283,
        "Rappocini, Kota Makassar":8.828811797,
        "Somba Opu, Kabupaten Gowa":7.6943592479,
        "Tallo, Kota Makassar":5.4375991028,
        "Tamalanrea, Kota Makassar":7.8846153846,
        "Tamalate, Kota Makassar":9.7195121951,
        "Ujung Pandang, Kota Makassar":9.3333333333,
        "Ujung Tanah, Kota Makassar":3.8167938931,
        "Wajo, Kota Makassar":6.4080944351
    },
    "diabetes_mellitus_pct":{
        "Bajeng Barat, Kabupaten Gowa":0.1283226398,
        "Bajeng, Kabupaten Gowa":0.2459016393,
        "Biringbulu, Kabupaten Gowa":0.0,
        "Biringkanaya, Kota Makassar":0.1080497029,
        "Bontoala, Kota Makassar":0.1058574453,
        "Bontomarannu, Kabupaten Gowa":0.0,
        "Bontonompo Selatan, Kabupaten Gowa":0.6107215562,
        "Bontonompo, Kabupaten Gowa":0.5304299274,
        "Makassar, Kota Makassar":0.1181652165,
        "Mamajang, Kota Makassar":0.1094990419,
        "Manggala, Kota Makassar":0.1932123656,
        "Manuju, Kabupaten Gowa":0.4694835681,
        "Mariso, Kota Makassar":0.2911208151,
        "Pallangga, Kabupaten Gowa":2.6204261923,
        "Panakkukang, Kota Makassar":0.460320383,
        "Parangloe, Kabupaten Gowa":0.0,
        "Parigi, Kabupaten Gowa":0.1303780965,
        "Rappocini, Kota Makassar":0.226864543,
        "Somba Opu, Kabupaten Gowa":0.4133884518,
        "Tallo, Kota Makassar":0.5337046061,
        "Tamalanrea, Kota Makassar":0.0,
        "Tamalate, Kota Makassar":0.8109756098,
        "Ujung Pandang, Kota Makassar":0.0,
        "Ujung Tanah, Kota Makassar":0.0,
        "Wajo, Kota Makassar":0.3035413153
    },
    "perokok_pct":{
        "Bajeng Barat, Kabupaten Gowa":2.1448212649,
        "Bajeng, Kabupaten Gowa":5.8709016393,
        "Biringbulu, Kabupaten Gowa":28.125,
        "Biringkanaya, Kota Makassar":6.0507833603,
        "Bontoala, Kota Makassar":10.9562455893,
        "Bontomarannu, Kabupaten Gowa":1.8731988473,
        "Bontonompo Selatan, Kabupaten Gowa":11.8977606876,
        "Bontonompo, Kabupaten Gowa":4.9413735343,
        "Makassar, Kota Makassar":5.381888495,
        "Mamajang, Kota Makassar":13.6189433342,
        "Manggala, Kota Makassar":3.1165994624,
        "Manuju, Kabupaten Gowa":26.2910798122,
        "Mariso, Kota Makassar":9.0247452693,
        "Pallangga, Kabupaten Gowa":12.4753775443,
        "Panakkukang, Kota Makassar":13.4413551832,
        "Parangloe, Kabupaten Gowa":10.2564102564,
        "Parigi, Kabupaten Gowa":1.9556714472,
        "Rappocini, Kota Makassar":11.5606390018,
        "Somba Opu, Kabupaten Gowa":25.4967328977,
        "Tallo, Kota Makassar":17.4034110686,
        "Tamalanrea, Kota Makassar":5.7692307692,
        "Tamalate, Kota Makassar":12.0731707317,
        "Ujung Pandang, Kota Makassar":4.0,
        "Ujung Tanah, Kota Makassar":5.3435114504,
        "Wajo, Kota Makassar":11.2647554806
    },
    "berobat_tidak_tuntas_pct":{
        "Bajeng Barat, Kabupaten Gowa":0.0183318057,
        "Bajeng, Kabupaten Gowa":0.0204918033,
        "Biringbulu, Kabupaten Gowa":0.0,
        "Biringkanaya, Kota Makassar":0.0180082838,
        "Bontoala, Kota Makassar":0.0352858151,
        "Bontomarannu, Kabupaten Gowa":0.0,
        "Bontonompo Selatan, Kabupaten Gowa":0.1357159014,
        "Bontonompo, Kabupaten Gowa":0.0837520938,
        "Makassar, Kota Makassar":0.0375980234,
        "Mamajang, Kota Makassar":0.0136873802,
        "Manggala, Kota Makassar":0.0336021505,
        "Manuju, Kabupaten Gowa":0.0,
        "Mariso, Kota Makassar":0.1455604076,
        "Pallangga, Kabupaten Gowa":0.0537217215,
        "Panakkukang, Kota Makassar":0.0736512613,
        "Parangloe, Kabupaten Gowa":0.0,
        "Parigi, Kabupaten Gowa":0.0,
        "Rappocini, Kota Makassar":0.0472634465,
        "Somba Opu, Kabupaten Gowa":0.2000266702,
        "Tallo, Kota Makassar":0.1198901651,
        "Tamalanrea, Kota Makassar":0.0,
        "Tamalate, Kota Makassar":0.0731707317,
        "Ujung Pandang, Kota Makassar":0.0,
        "Ujung Tanah, Kota Makassar":0.0,
        "Wajo, Kota Makassar":0.0
    },
    "Cluster":{
        "Bajeng Barat, Kabupaten Gowa":3,
        "Bajeng, Kabupaten Gowa":3,
        "Biringbulu, Kabupaten Gowa":2,
        "Biringkanaya, Kota Makassar":3,
        "Bontoala, Kota Makassar":3,
        "Bontomarannu, Kabupaten Gowa":3,
        "Bontonompo Selatan, Kabupaten Gowa":1,
        "Bontonompo, Kabupaten Gowa":3,
        "Makassar, Kota Makassar":3,
        "Mamajang, Kota Makassar":3,
        "Manggala, Kota Makassar":3,
        "Manuju, Kabupaten Gowa":2,
        "Mariso, Kota Makassar":1,
        "Pallangga, Kabupaten Gowa":0,
        "Panakkukang, Kota Makassar":1,
        "Parangloe, Kabupaten Gowa":3,
        "Parigi, Kabupaten Gowa":3,
        "Rappocini, Kota Makassar":3,
        "Somba Opu, Kabupaten Gowa":1,
        "Tallo, Kota Makassar":1,
        "Tamalanrea, Kota Makassar":3,
        "Tamalate, Kota Makassar":1,
        "Ujung Pandang, Kota Makassar":3,
        "Ujung Tanah, Kota Makassar":3,
        "Wajo, Kota Makassar":3
    }
}