{
    "0":{
        "('batuk_pct', 'count')":1.0,
        "('batuk_pct', 'mean')":16.4293690676,
        "('sesak_nafas_pct', 'count')":1.0,
        "('sesak_nafas_pct', 'mean')":11.2786152987,
        "('keringat_malam_pct', 'count')":1.0,
        "('keringat_malam_pct', 'mean')":1.116694584,
        "('demam_meriang_pct', 'count')":1.0,
        "('demam_meriang_pct', 'mean')":0.9073143495
    },
    "1":{
        "('batuk_pct', 'count')":9.0,
        "('batuk_pct', 'mean')":6.9503966324,
        "('sesak_nafas_pct', 'count')":9.0,
        "('sesak_nafas_pct', 'mean')":1.7618229958,
        "('keringat_malam_pct', 'count')":9.0,
        "('keringat_malam_pct', 'mean')":1.1924284954,
        "('demam_meriang_pct', 'count')":9.0,
        "('demam_meriang_pct', 'mean')":1.6519952722
    },
    "2":{
        "('batuk_pct', 'count')":1.0,
        "('batuk_pct', 'mean')":37.5,
        "('sesak_nafas_pct', 'count')":1.0,
        "('sesak_nafas_pct', 'mean')":0.0,
        "('keringat_malam_pct', 'count')":1.0,
        "('keringat_malam_pct', 'mean')":0.0,
        "('demam_meriang_pct', 'count')":1.0,
        "('demam_meriang_pct', 'mean')":0.0
    },
    "3":{
        "('batuk_pct', 'count')":12.0,
        "('batuk_pct', 'mean')":4.4430546065,
        "('sesak_nafas_pct', 'count')":12.0,
        "('sesak_nafas_pct', 'mean')":0.6083163138,
        "('keringat_malam_pct', 'count')":12.0,
        "('keringat_malam_pct', 'mean')":0.1631338999,
        "('demam_meriang_pct', 'count')":12.0,
        "('demam_meriang_pct', 'mean')":0.2583466092
    },
    "4":{
        "('batuk_pct', 'count')":2.0,
        "('batuk_pct', 'mean')":11.9756699749,
        "('sesak_nafas_pct', 'count')":2.0,
        "('sesak_nafas_pct', 'mean')":5.3384669276,
        "('keringat_malam_pct', 'count')":2.0,
        "('keringat_malam_pct', 'mean')":0.4435085498,
        "('demam_meriang_pct', 'count')":2.0,
        "('demam_meriang_pct', 'mean')":0.09921902
    }
}