{
    "0":{
        "('total_kontak', 'count')":6.0,
        "('total_kontak', 'mean')":9528.8333333333,
        "('dirujuk_pct', 'count')":6.0,
        "('dirujuk_pct', 'mean')":4.6492433908,
        "('jumlah_fasyankes_unik', 'count')":6.0,
        "('jumlah_fasyankes_unik', 'mean')":7.1666666667
    },
    "1":{
        "('total_kontak', 'count')":3.0,
        "('total_kontak', 'mean')":20409.3333333333,
        "('dirujuk_pct', 'count')":3.0,
        "('dirujuk_pct', 'mean')":5.9650089487,
        "('jumlah_fasyankes_unik', 'count')":3.0,
        "('jumlah_fasyankes_unik', 'mean')":3.3333333333
    },
    "2":{
        "('total_kontak', 'count')":1.0,
        "('total_kontak', 'mean')":32.0,
        "('dirujuk_pct', 'count')":1.0,
        "('dirujuk_pct', 'mean')":37.5,
        "('jumlah_fasyankes_unik', 'count')":1.0,
        "('jumlah_fasyankes_unik', 'mean')":1.0
    },
    "3":{
        "('total_kontak', 'count')":15.0,
        "('total_kontak', 'mean')":3188.8,
        "('dirujuk_pct', 'count')":15.0,
        "('dirujuk_pct', 'mean')":7.4902908079,
        "('jumlah_fasyankes_unik', 'count')":15.0,
        "('jumlah_fasyankes_unik', 'mean')":2.0
    }
}