{
    "total_kontak":{
        "Bajeng Barat, Kabupaten Gowa":5455.0,
        "Bajeng, Kabupaten Gowa":9760.0,
        "Biringbulu, Kabupaten Gowa":32.0,
        "Biringkanaya, Kota Makassar":5553.0,
        "Bontoala, Kota Makassar":5668.0,
        "Bontomarannu, Kabupaten Gowa":1388.0,
        "Bontonompo Selatan, Kabupaten Gowa":4421.0,
        "Bontonompo, Kabupaten Gowa":7164.0,
        "Makassar, Kota Makassar":18618.0,
        "Mamajang, Kota Makassar":7306.0,
        "Manggala, Kota Makassar":11904.0,
        "Manuju, Kabupaten Gowa":1065.0,
        "Mariso, Kota Makassar":687.0,
        "Pallangga, Kabupaten Gowa":16753.0,
        "Panakkukang, Kota Makassar":5431.0,
        "Parangloe, Kabupaten Gowa":117.0,
        "Parigi, Kabupaten Gowa":767.0,
        "Rappocini, Kota Makassar":10579.0,
        "Somba Opu, Kabupaten Gowa":7499.0,
        "Tallo, Kota Makassar":25857.0,
        "Tamalanrea, Kota Makassar":520.0,
        "Tamalate, Kota Makassar":16400.0,
        "Ujung Pandang, Kota Makassar":225.0,
        "Ujung Tanah, Kota Makassar":131.0,
        "Wajo, Kota Makassar":2965.0
    },
    "kontak_serumah_pct":{
        "Bajeng Barat, Kabupaten Gowa":19.3583868011,
        "Bajeng, Kabupaten Gowa":18.3606557377,
        "Biringbulu, Kabupaten Gowa":21.875,
        "Biringkanaya, Kota Makassar":24.995497929,
        "Bontoala, Kota Makassar":20.9421312632,
        "Bontomarannu, Kabupaten Gowa":21.325648415,
        "Bontonompo Selatan, Kabupaten Gowa":16.7609138204,
        "Bontonompo, Kabupaten Gowa":20.7146845338,
        "Makassar, Kota Makassar":19.1749919433,
        "Mamajang, Kota Makassar":11.1962770326,
        "Manggala, Kota Makassar":25.0420026882,
        "Manuju, Kabupaten Gowa":9.3896713615,
        "Mariso, Kota Makassar":39.0101892285,
        "Pallangga, Kabupaten Gowa":20.7485226527,
        "Panakkukang, Kota Makassar":21.5798195544,
        "Parangloe, Kabupaten Gowa":35.0427350427,
        "Parigi, Kabupaten Gowa":18.9048239896,
        "Rappocini, Kota Makassar":12.1939691842,
        "Somba Opu, Kabupaten Gowa":22.1896252834,
        "Tallo, Kota Makassar":16.0304753065,
        "Tamalanrea, Kota Makassar":38.0769230769,
        "Tamalate, Kota Makassar":17.6463414634,
        "Ujung Pandang, Kota Makassar":48.0,
        "Ujung Tanah, Kota Makassar":61.8320610687,
        "Wajo, Kota Makassar":13.1534569983
    },
    "rata_rata_umur":{
        "Bajeng Barat, Kabupaten Gowa":34.3937671861,
        "Bajeng, Kabupaten Gowa":33.424795082,
        "Biringbulu, Kabupaten Gowa":39.5,
        "Biringkanaya, Kota Makassar":31.6149828921,
        "Bontoala, Kota Makassar":34.5742766408,
        "Bontomarannu, Kabupaten Gowa":32.7298270893,
        "Bontonompo Selatan, Kabupaten Gowa":33.2526577697,
        "Bontonompo, Kabupaten Gowa":36.2505583473,
        "Makassar, Kota Makassar":32.8634117521,
        "Mamajang, Kota Makassar":36.7414453874,
        "Manggala, Kota Makassar":33.0588877688,
        "Manuju, Kabupaten Gowa":34.1061032864,
        "Mariso, Kota Makassar":28.0,
        "Pallangga, Kabupaten Gowa":32.9032412105,
        "Panakkukang, Kota Makassar":32.86540232,
        "Parangloe, Kabupaten Gowa":31.811965812,
        "Parigi, Kabupaten Gowa":39.406779661,
        "Rappocini, Kota Makassar":33.7930806314,
        "Somba Opu, Kabupaten Gowa":31.7718362448,
        "Tallo, Kota Makassar":34.5156437328,
        "Tamalanrea, Kota Makassar":31.6038461538,
        "Tamalate, Kota Makassar":33.381097561,
        "Ujung Pandang, Kota Makassar":33.5066666667,
        "Ujung Tanah, Kota Makassar":31.8625954198,
        "Wajo, Kota Makassar":32.7669477234
    },
    "Cluster":{
        "Bajeng Barat, Kabupaten Gowa":2,
        "Bajeng, Kabupaten Gowa":2,
        "Biringbulu, Kabupaten Gowa":0,
        "Biringkanaya, Kota Makassar":2,
        "Bontoala, Kota Makassar":2,
        "Bontomarannu, Kabupaten Gowa":2,
        "Bontonompo Selatan, Kabupaten Gowa":2,
        "Bontonompo, Kabupaten Gowa":0,
        "Makassar, Kota Makassar":1,
        "Mamajang, Kota Makassar":0,
        "Manggala, Kota Makassar":1,
        "Manuju, Kabupaten Gowa":2,
        "Mariso, Kota Makassar":3,
        "Pallangga, Kabupaten Gowa":1,
        "Panakkukang, Kota Makassar":2,
        "Parangloe, Kabupaten Gowa":3,
        "Parigi, Kabupaten Gowa":0,
        "Rappocini, Kota Makassar":2,
        "Somba Opu, Kabupaten Gowa":2,
        "Tallo, Kota Makassar":1,
        "Tamalanrea, Kota Makassar":3,
        "Tamalate, Kota Makassar":1,
        "Ujung Pandang, Kota Makassar":3,
        "Ujung Tanah, Kota Makassar":3,
        "Wajo, Kota Makassar":2
    }
}