{
    "total_kontak":{
        "Bajeng Barat, Kabupaten Gowa":5455.0,
        "Bajeng, Kabupaten Gowa":9760.0,
        "Biringbulu, Kabupaten Gowa":32.0,
        "Biringkanaya, Kota Makassar":5553.0,
        "Bontoala, Kota Makassar":5668.0,
        "Bontomarannu, Kabupaten Gowa":1388.0,
        "Bontonompo Selatan, Kabupaten Gowa":4421.0,
        "Bontonompo, Kabupaten Gowa":7164.0,
        "Makassar, Kota Makassar":18618.0,
        "Mamajang, Kota Makassar":7306.0,
        "Manggala, Kota Makassar":11904.0,
        "Manuju, Kabupaten Gowa":1065.0,
        "Mariso, Kota Makassar":687.0,
        "Pallangga, Kabupaten Gowa":16753.0,
        "Panakkukang, Kota Makassar":5431.0,
        "Parangloe, Kabupaten Gowa":117.0,
        "Parigi, Kabupaten Gowa":767.0,
        "Rappocini, Kota Makassar":10579.0,
        "Somba Opu, Kabupaten Gowa":7499.0,
        "Tallo, Kota Makassar":25857.0,
        "Tamalanrea, Kota Makassar":520.0,
        "Tamalate, Kota Makassar":16400.0,
        "Ujung Pandang, Kota Makassar":225.0,
        "Ujung Tanah, Kota Makassar":131.0,
        "Wajo, Kota Makassar":2965.0
    },
    "dirujuk_pct":{
        "Bajeng Barat, Kabupaten Gowa":12.428964253,
        "Bajeng, Kabupaten Gowa":11.8237704918,
        "Biringbulu, Kabupaten Gowa":37.5,
        "Biringkanaya, Kota Makassar":2.5031514497,
        "Bontoala, Kota Makassar":0.7762879323,
        "Bontomarannu, Kabupaten Gowa":14.6974063401,
        "Bontonompo Selatan, Kabupaten Gowa":7.9167609138,
        "Bontonompo, Kabupaten Gowa":16.4572864322,
        "Makassar, Kota Makassar":3.7007197336,
        "Mamajang, Kota Makassar":6.7752532165,
        "Manggala, Kota Makassar":4.6370967742,
        "Manuju, Kabupaten Gowa":1.3145539906,
        "Mariso, Kota Makassar":6.8413391557,
        "Pallangga, Kabupaten Gowa":9.240136095,
        "Panakkukang, Kota Makassar":3.7562143252,
        "Parangloe, Kabupaten Gowa":9.4017094017,
        "Parigi, Kabupaten Gowa":7.1707953064,
        "Rappocini, Kota Makassar":1.7298421401,
        "Somba Opu, Kabupaten Gowa":6.2541672223,
        "Tallo, Kota Makassar":4.9541710175,
        "Tamalanrea, Kota Makassar":10.5769230769,
        "Tamalate, Kota Makassar":8.493902439,
        "Ujung Pandang, Kota Makassar":6.2222222222,
        "Ujung Tanah, Kota Makassar":0.0,
        "Wajo, Kota Makassar":0.4721753794
    },
    "jumlah_fasyankes_unik":{
        "Bajeng Barat, Kabupaten Gowa":1.0,
        "Bajeng, Kabupaten Gowa":2.0,
        "Biringbulu, Kabupaten Gowa":1.0,
        "Biringkanaya, Kota Makassar":6.0,
        "Bontoala, Kota Makassar":2.0,
        "Bontomarannu, Kabupaten Gowa":1.0,
        "Bontonompo Selatan, Kabupaten Gowa":1.0,
        "Bontonompo, Kabupaten Gowa":1.0,
        "Makassar, Kota Makassar":4.0,
        "Mamajang, Kota Makassar":6.0,
        "Manggala, Kota Makassar":6.0,
        "Manuju, Kabupaten Gowa":1.0,
        "Mariso, Kota Makassar":3.0,
        "Pallangga, Kabupaten Gowa":2.0,
        "Panakkukang, Kota Makassar":10.0,
        "Parangloe, Kabupaten Gowa":1.0,
        "Parigi, Kabupaten Gowa":1.0,
        "Rappocini, Kota Makassar":6.0,
        "Somba Opu, Kabupaten Gowa":2.0,
        "Tallo, Kota Makassar":4.0,
        "Tamalanrea, Kota Makassar":6.0,
        "Tamalate, Kota Makassar":9.0,
        "Ujung Pandang, Kota Makassar":2.0,
        "Ujung Tanah, Kota Makassar":2.0,
        "Wajo, Kota Makassar":4.0
    },
    "Cluster":{
        "Bajeng Barat, Kabupaten Gowa":3,
        "Bajeng, Kabupaten Gowa":3,
        "Biringbulu, Kabupaten Gowa":2,
        "Biringkanaya, Kota Makassar":0,
        "Bontoala, Kota Makassar":3,
        "Bontomarannu, Kabupaten Gowa":3,
        "Bontonompo Selatan, Kabupaten Gowa":3,
        "Bontonompo, Kabupaten Gowa":3,
        "Makassar, Kota Makassar":1,
        "Mamajang, Kota Makassar":0,
        "Manggala, Kota Makassar":0,
        "Manuju, Kabupaten Gowa":3,
        "Mariso, Kota Makassar":3,
        "Pallangga, Kabupaten Gowa":1,
        "Panakkukang, Kota Makassar":0,
        "Parangloe, Kabupaten Gowa":3,
        "Parigi, Kabupaten Gowa":3,
        "Rappocini, Kota Makassar":0,
        "Somba Opu, Kabupaten Gowa":3,
        "Tallo, Kota Makassar":1,
        "Tamalanrea, Kota Makassar":3,
        "Tamalate, Kota Makassar":0,
        "Ujung Pandang, Kota Makassar":3,
        "Ujung Tanah, Kota Makassar":3,
        "Wajo, Kota Makassar":3
    }
}