{
    "latitude":{
        "Bajeng Barat, Kabupaten Gowa":-5.2902067,
        "Bajeng, Kabupaten Gowa":-5.2928247,
        "Biringbulu, Kabupaten Gowa":-5.482484,
        "Biringkanaya, Kota Makassar":-5.1134517,
        "Bontoala, Kota Makassar":-5.130839,
        "Bontomarannu, Kabupaten Gowa":-5.2324906,
        "Bontonompo Selatan, Kabupaten Gowa":-5.3983947,
        "Bontonompo, Kabupaten Gowa":-5.3455219,
        "Makassar, Kota Makassar":-5.1615828,
        "Mamajang, Kota Makassar":-5.1643461,
        "Manggala, Kota Makassar":-5.1670953,
        "Manuju, Kabupaten Gowa":-5.2858206,
        "Mariso, Kota Makassar":-5.1590928,
        "Pallangga, Kabupaten Gowa":-5.2635169,
        "Panakkukang, Kota Makassar":-5.1608223,
        "Parangloe, Kabupaten Gowa":-5.2441692,
        "Parigi, Kabupaten Gowa":-5.3059908,
        "Rappocini, Kota Makassar":-5.1716212,
        "Somba Opu, Kabupaten Gowa":-5.2092149,
        "Tallo, Kota Makassar":-5.1250455,
        "Tamalanrea, Kota Makassar":-5.1317461,
        "Tamalate, Kota Makassar":-5.1851712,
        "Ujung Pandang, Kota Makassar":-5.1615828,
        "Ujung Tanah, Kota Makassar":-5.0490848,
        "Wajo, Kota Makassar":-5.1255864
    },
    "longitude":{
        "Bajeng Barat, Kabupaten Gowa":119.390549,
        "Bajeng, Kabupaten Gowa":119.4374637,
        "Biringbulu, Kabupaten Gowa":119.7364196,
        "Biringkanaya, Kota Makassar":119.5137952,
        "Bontoala, Kota Makassar":119.4208345,
        "Bontomarannu, Kabupaten Gowa":119.5096652,
        "Bontonompo Selatan, Kabupaten Gowa":119.3890994,
        "Bontonompo, Kabupaten Gowa":119.4454793,
        "Makassar, Kota Makassar":119.4359281,
        "Mamajang, Kota Makassar":119.4193834,
        "Manggala, Kota Makassar":119.4791098,
        "Manuju, Kabupaten Gowa":119.6126125,
        "Mariso, Kota Makassar":119.4092257,
        "Pallangga, Kabupaten Gowa":119.4863316,
        "Panakkukang, Kota Makassar":119.449434,
        "Parangloe, Kabupaten Gowa":119.6509478,
        "Parigi, Kabupaten Gowa":119.8064051,
        "Rappocini, Kota Makassar":119.4457009,
        "Somba Opu, Kabupaten Gowa":119.455063,
        "Tallo, Kota Makassar":119.4295039,
        "Tamalanrea, Kota Makassar":119.4982452,
        "Tamalate, Kota Makassar":119.4236581,
        "Ujung Pandang, Kota Makassar":119.4359281,
        "Ujung Tanah, Kota Makassar":119.3278254,
        "Wajo, Kota Makassar":119.4106768
    },
    "jumlah_fasyankes_unik":{
        "Bajeng Barat, Kabupaten Gowa":1.0,
        "Bajeng, Kabupaten Gowa":2.0,
        "Biringbulu, Kabupaten Gowa":1.0,
        "Biringkanaya, Kota Makassar":6.0,
        "Bontoala, Kota Makassar":2.0,
        "Bontomarannu, Kabupaten Gowa":1.0,
        "Bontonompo Selatan, Kabupaten Gowa":1.0,
        "Bontonompo, Kabupaten Gowa":1.0,
        "Makassar, Kota Makassar":4.0,
        "Mamajang, Kota Makassar":6.0,
        "Manggala, Kota Makassar":6.0,
        "Manuju, Kabupaten Gowa":1.0,
        "Mariso, Kota Makassar":3.0,
        "Pallangga, Kabupaten Gowa":2.0,
        "Panakkukang, Kota Makassar":10.0,
        "Parangloe, Kabupaten Gowa":1.0,
        "Parigi, Kabupaten Gowa":1.0,
        "Rappocini, Kota Makassar":6.0,
        "Somba Opu, Kabupaten Gowa":2.0,
        "Tallo, Kota Makassar":4.0,
        "Tamalanrea, Kota Makassar":6.0,
        "Tamalate, Kota Makassar":9.0,
        "Ujung Pandang, Kota Makassar":2.0,
        "Ujung Tanah, Kota Makassar":2.0,
        "Wajo, Kota Makassar":4.0
    },
    "Cluster":{
        "Bajeng Barat, Kabupaten Gowa":5,
        "Bajeng, Kabupaten Gowa":5,
        "Biringbulu, Kabupaten Gowa":3,
        "Biringkanaya, Kota Makassar":0,
        "Bontoala, Kota Makassar":2,
        "Bontomarannu, Kabupaten Gowa":5,
        "Bontonompo Selatan, Kabupaten Gowa":5,
        "Bontonompo, Kabupaten Gowa":5,
        "Makassar, Kota Makassar":2,
        "Mamajang, Kota Makassar":0,
        "Manggala, Kota Makassar":0,
        "Manuju, Kabupaten Gowa":4,
        "Mariso, Kota Makassar":2,
        "Pallangga, Kabupaten Gowa":5,
        "Panakkukang, Kota Makassar":1,
        "Parangloe, Kabupaten Gowa":4,
        "Parigi, Kabupaten Gowa":3,
        "Rappocini, Kota Makassar":0,
        "Somba Opu, Kabupaten Gowa":2,
        "Tallo, Kota Makassar":2,
        "Tamalanrea, Kota Makassar":0,
        "Tamalate, Kota Makassar":1,
        "Ujung Pandang, Kota Makassar":2,
        "Ujung Tanah, Kota Makassar":2,
        "Wajo, Kota Makassar":2
    }
}