{
    "0":{
        "('total_kontak', 'count')":4.0,
        "('total_kontak', 'mean')":3817.25,
        "('kontak_serumah_pct', 'count')":4.0,
        "('kontak_serumah_pct', 'mean')":18.172696389,
        "('rata_rata_umur', 'count')":4.0,
        "('rata_rata_umur', 'mean')":37.9746958489
    },
    "1":{
        "('total_kontak', 'count')":5.0,
        "('total_kontak', 'mean')":17906.4,
        "('kontak_serumah_pct', 'count')":5.0,
        "('kontak_serumah_pct', 'mean')":19.7284668108,
        "('rata_rata_umur', 'count')":5.0,
        "('rata_rata_umur', 'mean')":33.344456405
    },
    "2":{
        "('total_kontak', 'count')":11.0,
        "('total_kontak', 'mean')":5434.9090909091,
        "('kontak_serumah_pct', 'count')":11.0,
        "('kontak_serumah_pct', 'mean')":18.2045251226,
        "('rata_rata_umur', 'count')":11.0,
        "('rata_rata_umur', 'mean')":33.2085160787
    },
    "3":{
        "('total_kontak', 'count')":5.0,
        "('total_kontak', 'mean')":336.0,
        "('kontak_serumah_pct', 'count')":5.0,
        "('kontak_serumah_pct', 'mean')":44.3923816834,
        "('rata_rata_umur', 'count')":5.0,
        "('rata_rata_umur', 'mean')":31.3570148105
    }
}